﻿<tags>
<a href="" rel="tag" style="font-size: 8pt;">Ethan Galstad</a>
<a href="" rel="tag" style="font-size: 8pt;">Mary Starr</a>
<a href="" rel="tag" style="font-size: 8pt;">Mark Young</a>
<a href="" rel="tag" style="font-size: 8pt;">Anna Bird</a>
<a href="" rel="tag" style="font-size: 8pt;">Jared Bird</a>
<a href="" rel="tag" style="font-size: 8pt;">Mike Okeefe</a>
<a href="" rel="tag" style="font-size: 8pt;">Cathy Bigspring</a>
<a href="" rel="tag" style="font-size: 8pt;">Tony Yarusso</a>
<a href="" rel="tag" style="font-size: 8pt;">Mike Mestnik</a>
<a href="" rel="tag" style="font-size: 8pt;">Mike Guthrie</a>
<a href="" rel="tag" style="font-size: 8pt;">Jeremy Yunis</a>
<a href="" rel="tag" style="font-size: 8pt;">Rene deDon</a>

<a href="" rel="tag" style="font-size: 8pt;" color="0xEF7911">LANAlarm</a>
<a href="" rel="tag" style="font-size: 8pt;" color="0xEF7911">NetSaint</a>
<a href="" rel="tag" style="font-size: 8pt;" color="0xEF7911">Nagios</a>
<a href="" rel="tag" style="font-size: 8pt;" color="0xEF7911">Nagios Core</a>
<a href="" rel="tag" style="font-size: 8pt;" color="0xEF7911">Nagios XI</a>
<a href="" rel="tag" style="font-size: 8pt;" color="0xEF7911">Nagios Fusion</a>

<a href="" rel="tag" style="font-size: 8pt;" color="0x6FB91F">Nagios Enterprises</a>

<a href="" rel="tag" style="font-size: 8pt;" color="0xff0099">03-14-1999</a>
<a href="" rel="tag" style="font-size: 8pt;" color="0xff0099">FOSDEM 2005</a>
<a href="" rel="tag" style="font-size: 8pt;" color="0xff0099">11-09-2007</a>
<a href="" rel="tag" style="font-size: 8pt;" color="0xff0099">12-31-2009</a>

<a href="" rel="tag" style="font-size: 4pt;" color="0x7850FC">www.netsaint.org</a>
<a href="" rel="tag" style="font-size: 4pt;" color="0x7850FC">www.nagios.org</a>
<a href="" rel="tag" style="font-size: 4pt;" color="0x7850FC">www.nagios.com</a>
<a href="" rel="tag" style="font-size: 4pt;" color="0x7850FC">exchange.nagios.org</a>
<a href="" rel="tag" style="font-size: 4pt;" color="0x7850FC">support.nagios.com</a>
<a href="" rel="tag" style="font-size: 4pt;" color="0x7850FC">library.nagios.com</a>



</tags>